title,tagline,no_of_directors,directors,no_of_writers,writers,lead_stars,released_year,oscar_wins,genres,award_nominations,award_wins,rating,votes,metascore,duration,county_of_origins,production_companies,url
Mad Max: Fury Road,WHAT A LOVELY DAY (all caps One Sheet),1,George Miller,3,"George Miller,Brendan McCarthy,Nick Lathouris","Tom Hardy,Charlize Theron,Nicholas Hoult",2015,6,"Action,Adventure,Sci-Fi,Thriller",231,245,8.1,952077,90.0,120,"Australia,United States","Warner Bros.,Village Roadshow Pictures,Kennedy Miller Productions",https://www.imdb.com/title/tt1392190/
Star Wars: The Force Awakens,Every generation has a story.,1,J.J. Abrams,3,"Lawrence Kasdan,J.J. Abrams,Michael Arndt","Daisy Ridley,John Boyega,Oscar Isaac",2015,0,"Action,Adventure,Sci-Fi",136,62,7.8,899307,80.0,138,United States,"Lucasfilm,Bad Robot,Truenorth Productions",https://www.imdb.com/title/tt2488496/
Avengers: Age of Ultron,A new age begins,1,Joss Whedon,3,"Joss Whedon,Stan Lee(based on the Marvel comics by),Jack Kirby(based on the Marvel comics by)","Robert Downey Jr.,Chris Evans,Mark Ruffalo",2015,0,"Action,Adventure,Sci-Fi",49,8,7.3,816899,66.0,141,United States,"Marvel Studios,Walt Disney Pictures",https://www.imdb.com/title/tt2395427/
The Martian,Bring Him Home,1,Ridley Scott,2,"Drew Goddard(screenplay by),Andy Weir(based on the novel by)","Matt Damon,Jessica Chastain,Kristen Wiig",2015,0,"Adventure,Drama,Sci-Fi",200,39,8.0,815608,80.0,144,"United States,United Kingdom,Hungary,Jordan","Twentieth Century Fox,TSG Entertainment,Scott Free Productions",https://www.imdb.com/title/tt3659388/
The Revenant,"(n. One who has returned, as if from the dead.)",1,Alejandro G. Iñárritu,3,"Mark L. Smith(screenplay),Alejandro G. Iñárritu(screenplay),Michael Punke(based in part on the novel by)","Leonardo DiCaprio,Tom Hardy,Will Poulter",2015,3,"Action,Adventure,Drama,History,Western",188,92,8.0,764884,76.0,156,"United States,Hong Kong,Taiwan","New Regency Productions,RatPac Entertainment,New Regency Productions",https://www.imdb.com/title/tt1663202/
Inside Out,Meet the little voices inside your head.,2,"Pete Docter,Ronnie Del Carmen",3,"Pete Docter(original story by),Ronnie Del Carmen(original story by),Meg LeFauve(screenplay by)","Amy Poehler(voice),Bill Hader(voice),Lewis Black(voice)",2015,1,"Animation,Adventure,Comedy,Drama,Family,Fantasy",116,100,8.1,673892,94.0,95,United States,"Pixar Animation Studios,Walt Disney Pictures",https://www.imdb.com/title/tt2096673/
Ant-Man,Heroes don't get any bigger.,1,Peyton Reed,3,"Edgar Wright(screenplay by),Joe Cornish(screenplay by),Adam McKay(screenplay by)","Paul Rudd,Michael Douglas,Corey Stoll",2015,0,"Action,Adventure,Comedy,Sci-Fi",34,4,7.3,629071,64.0,117,United States,"Gary Sanchez Productions,Marvel Studios,Walt Disney Pictures",https://www.imdb.com/title/tt0478970/
Jurassic World,The park is open.,1,Colin Trevorrow,3,"Rick Jaffa(screenplay by),Amanda Silver(screenplay by),Colin Trevorrow(screenplay by)","Chris Pratt,Bryce Dallas Howard,Ty Simpkins",2015,0,"Action,Adventure,Sci-Fi",58,15,7.0,612208,59.0,124,United States,"Universal Pictures,Amblin Entertainment,Legendary Entertainment",https://www.imdb.com/title/tt0369610/
The Hateful Eight,No One Comes Up Here Without a Damn Good Reason,1,Quentin Tarantino,1,Quentin Tarantino,"Samuel L. Jackson,Kurt Russell,Jennifer Jason Leigh",2015,1,"Crime,Drama,Mystery,Thriller,Western",116,43,7.8,567982,68.0,168,United States,"Visiona Romantica,Double Feature Films,FilmColony",https://www.imdb.com/title/tt3460252/
Spotlight,Break the story. Break the silence.,1,Tom McCarthy,2,"Josh Singer,Tom McCarthy","Mark Ruffalo,Michael Keaton,Rachel McAdams",2015,2,"Biography,Crime,Drama",143,124,8.1,452837,93.0,129,United States,"Participant,First Look Media,Anonymous Content",https://www.imdb.com/title/tt1895587/
Spectre,The dead are alive,1,Sam Mendes,3,"John Logan(screenplay by),Neal Purvis(screenplay by),Robert Wade(screenplay by)","Daniel Craig,Christoph Waltz,Léa Seydoux",2015,1,"Action,Adventure,Thriller",37,8,6.8,426194,60.0,148,"United Kingdom,United States","B24,Columbia Pictures,Danjaq",https://www.imdb.com/title/tt2379713/
Sicario,The border is just another line to cross.,1,Denis Villeneuve,1,Taylor Sheridan,"Emily Blunt,Josh Brolin,Benicio Del Toro",2015,0,"Action,Crime,Drama,Mystery,Thriller",158,15,7.6,408590,82.0,121,"United States,Mexico,Hong Kong","Lionsgate,Black Label Media,Thunder Road Pictures",https://www.imdb.com/title/tt3397884/
The Big Short,This is a true story,1,Adam McKay,3,"Charles Randolph(screenplay by),Adam McKay(screenplay by),Michael Lewis(based upon the book by)","Christian Bale,Steve Carell,Ryan Gosling",2015,1,"Biography,Comedy,Drama,History",81,37,7.8,406947,81.0,130,United States,"Paramount Pictures,New Regency Productions,Plan B Entertainment",https://www.imdb.com/title/tt1596363/
Room,Love knows no boundaries,1,Lenny Abrahamson,1,Emma Donoghue(screenplay by),"Brie Larson,Jacob Tremblay,Sean Bridgers",2015,1,"Drama,Thriller",140,108,8.1,402382,86.0,118,"Ireland,Canada,United Kingdom,United States","Element Pictures,Film 4,FilmNation Entertainment",https://www.imdb.com/title/tt3170832/
Fast & Furious 7,Vengeance hits home,1,James Wan,2,"Chris Morgan,Gary Scott Thompson(characters)","Vin Diesel,Paul Walker,Dwayne Johnson",2015,0,"Action,Crime,Thriller",36,36,7.1,380132,67.0,137,"United States,China,Japan,Canada,United Arab Emirates","Universal Pictures,Media Rights Capital (MRC),China Film Group Corporation (CFGC)",https://www.imdb.com/title/tt2820852/
Mission: Impossible - Rogue Nation,Go rogue,1,Christopher McQuarrie,3,"Bruce Geller(based on the television series created by),Christopher McQuarrie(story by),Drew Pearce(story by)","Tom Cruise,Rebecca Ferguson,Jeremy Renner",2015,0,"Action,Adventure,Thriller",26,6,7.4,360599,75.0,131,"United States,China","Paramount Pictures,Skydance Media,Bad Robot",https://www.imdb.com/title/tt2381249/
The Hunger Games: Mockingjay - Part 2,The revolution is about all of us,1,Francis Lawrence,3,"Peter Craig(screenplay),Danny Strong(screenplay),Suzanne Collins(adaptation)","Jennifer Lawrence,Josh Hutcherson,Liam Hemsworth",2015,0,"Action,Adventure,Sci-Fi,Thriller",34,16,6.6,311660,65.0,137,"United States,Germany,Canada,France","Lionsgate,Color Force,Studio Babelsberg",https://www.imdb.com/title/tt1951266/
Fifty Shades of Grey,Mr. Grey will see you now,1,Sam Taylor-Johnson,2,"Kelly Marcel(screenplay by),E.L. James(based on the novel by)","Dakota Johnson,Jamie Dornan,Jennifer Ehle",2015,0,"Drama,Romance,Thriller",29,9,4.1,311030,46.0,125,United States,"Focus Features,Michael De Luca Productions,Trigger Street Productions",https://www.imdb.com/title/tt2322441/
Bridge of Spies,"In the shadow of war, one man showed the world what we stand for.",1,Steven Spielberg,3,"Matt Charman,Ethan Coen,Joel Coen","Tom Hanks,Mark Rylance,Alan Alda",2015,1,"Drama,History,Thriller",103,30,7.6,303745,81.0,142,"United States,Germany,India","Dreamworks Pictures,Fox 2000 Pictures,Reliance Entertainment",https://www.imdb.com/title/tt3682448/
The Man from U.N.C.L.E.,A higher class of hero,1,Guy Ritchie,3,"Guy Ritchie(screenplay by),Lionel Wigram(screenplay by),Jeff Kleeman(story by)","Henry Cavill,Armie Hammer,Alicia Vikander",2015,0,"Action,Adventure,Comedy",5,7,7.3,297191,56.0,116,"United States,United Kingdom","Warner Bros.,RatPac-Dune Entertainment,Wigram Productions",https://www.imdb.com/title/tt1638355/
Terminator Genisys,The rules have been reset.,1,Alan Taylor,3,"Laeta Kalogridis,Patrick Lussier,James Cameron(based on characters created by)","Arnold Schwarzenegger,Jason Clarke,Emilia Clarke",2015,0,"Action,Adventure,Sci-Fi,Thriller",10,0,6.3,271363,38.0,126,"United States,Canada","Paramount Pictures,Skydance Media,Annapurna Pictures",https://www.imdb.com/title/tt1340138/
Creed,Your legacy is more than a name,1,Ryan Coogler,3,"Ryan Coogler(screenplay by),Aaron Covington(screenplay by),Sylvester Stallone(based on characters created by)","Michael B. Jordan,Sylvester Stallone,Tessa Thompson",2015,0,"Action,Drama,Sport",65,45,7.6,263761,82.0,133,United States,"Metro-Goldwyn-Mayer (MGM),Warner Bros.,New Line Cinema",https://www.imdb.com/title/tt3076658/
Chappie,I am discovery. I am wonder. I am Chappie.,1,Neill Blomkamp,2,"Neill Blomkamp,Terri Tatchell","Sharlto Copley,Dev Patel,Hugh Jackman",2015,0,"Action,Crime,Drama,Sci-Fi,Thriller",3,0,6.8,244147,41.0,120,United States,"Columbia Pictures,Media Rights Capital (MRC),LStar Capital",https://www.imdb.com/title/tt1823672/
The Lobster,An unconventional love story by Yorgos Lanthimos.,1,Yorgos Lanthimos,2,"Yorgos Lanthimos,Efthymis Filippou","Colin Farrell,Rachel Weisz,Jessica Barden",2015,0,"Comedy,Drama,Romance,Sci-Fi,Thriller",83,34,7.2,242970,82.0,119,"Ireland,United Kingdom,Greece,France,Netherlands,United States","Film4,Screen Ireland,Screen Ireland",https://www.imdb.com/title/tt3464902/
The Intern,Experience never gets old.,1,Nancy Meyers,1,Nancy Meyers,"Robert De Niro,Anne Hathaway,Rene Russo",2015,0,"Comedy,Drama",8,1,7.1,242344,51.0,121,United States,Waverly Films,https://www.imdb.com/title/tt2361509/
Spy,One of the guys. One of the spies.,1,Paul Feig,1,Paul Feig,"Melissa McCarthy,Rose Byrne,Jude Law",2015,0,"Action,Comedy",30,6,7.0,240287,75.0,120,United States,"Twentieth Century Fox,Chernin Entertainment,Feigco Entertainment",https://www.imdb.com/title/tt3079380/
Maze Runner: The Scorch Trials,The maze was just the beginning,1,Wes Ball,2,"T.S. Nowlin(screenplay by),James Dashner(based upon the novel ""The Scorch Trials"" by)","Dylan O'Brien,Kaya Scodelario,Thomas Brodie-Sangster",2015,0,"Action,Adventure,Sci-Fi,Thriller",5,2,6.3,239961,43.0,131,United States,"Gotham Group,TSG Entertainment,Temple Hill Entertainment",https://www.imdb.com/title/tt4046784/
Focus,Never Drop The Con.,2,"Glenn Ficarra,John Requa",2,"Glenn Ficarra,John Requa","Will Smith,Margot Robbie,Rodrigo Santoro",2015,0,"Comedy,Crime,Drama,Romance",3,0,6.6,236954,56.0,105,"United States,Argentina","K&S Films,RatPac-Dune Entertainment,Zaftig Films",https://www.imdb.com/title/tt2381941/
The VVitch: A New-England Folktale,A New-England Folktale.,1,Robert Eggers,1,Robert Eggers,"Anya Taylor-Joy,Ralph Ineson,Kate Dickie",2015,0,"Drama,Horror,Mystery",71,43,6.9,233427,83.0,92,"United States,Canada,United Kingdom","Parts and Labor,RT Features,Rooks Nest Entertainment",https://www.imdb.com/title/tt4263482/
Insurgent,One Choice Can Destroy You,1,Robert Schwentke,3,"Brian Duffield(screenplay by),Akiva Goldsman(screenplay by),Mark Bomback(screenplay by)","Shailene Woodley,Ansel Elgort,Theo James",2015,0,"Action,Adventure,Sci-Fi,Thriller",17,4,6.2,230708,42.0,119,"United States,Canada","Summit Entertainment,Red Wagon Entertainment,Mandeville Films",https://www.imdb.com/title/tt2908446/
Southpaw,Believe In Hope.,1,Antoine Fuqua,1,Kurt Sutter,"Jake Gyllenhaal,Rachel McAdams,Oona Laurence",2015,0,"Action,Crime,Drama,Sport",11,0,7.4,230239,57.0,124,"Hong Kong,United States","Escape Artists,Hill District Media,Riche Productions",https://www.imdb.com/title/tt1798684/
San Andreas,Ever have one of THOSE days...? Pray you don't.,1,Brad Peyton,3,"Carlton Cuse(screenplay),Andre Fabrizio(story),Jeremy Passmore(story)","Dwayne Johnson,Carla Gugino,Alexandra Daddario",2015,0,"Action,Adventure,Thriller",10,2,6.1,229244,43.0,114,United States,"New Line Cinema,Village Roadshow Pictures,RatPac-Dune Entertainment",https://www.imdb.com/title/tt2126355/
Minions,Uh oh.,2,"Kyle Balda,Pierre Coffin",1,Brian Lynch,"Sandra Bullock(voice),Jon Hamm(voice),Michael Keaton(voice)",2015,0,"Animation,Adventure,Comedy,Crime,Family,Sci-Fi",27,4,6.4,226290,56.0,91,United States,"Illumination Entertainment,Universal Pictures",https://www.imdb.com/title/tt2293640/
Everest,Never let go,1,Baltasar Kormákur,2,"William Nicholson(screenplay by),Simon Beaufoy(screenplay by)","Jason Clarke,Ang Phula Sherpa,Thomas M. Wright",2015,0,"Action,Adventure,Biography,Drama,Thriller",8,1,7.1,212351,64.0,121,"United Kingdom,United States,Iceland","Working Title Films,RVK Studios,Walden Media",https://www.imdb.com/title/tt2719848/
Ted 2,"Ted is coming, again",1,Seth MacFarlane,3,"Seth MacFarlane(based on characters created by),Alec Sulkin,Wellesley Wild","Mark Wahlberg,Seth MacFarlane(voice),Amanda Seyfried",2015,0,Comedy,4,3,6.3,199948,48.0,115,United States,"Universal Pictures,Media Rights Capital (MRC),Fuzzy Door Productions",https://www.imdb.com/title/tt2637276/
Straight Outta Compton,The world's most dangerous times created the world's most dangerous group,1,F. Gary Gray,3,"Jonathan Herman(screenplay),Andrea Berloff(screenplay),S. Leigh Savidge(story)","O'Shea Jackson Jr.,Corey Hawkins,Jason Mitchell",2015,0,"Biography,Drama,History,Music",40,28,7.8,193533,72.0,147,United States,"Universal Pictures,Legendary Entertainment,New Line Cinema",https://www.imdb.com/title/tt1398426/
Jupiter Ascending,Expand your universe.,2,"Lana Wachowski,Lilly Wachowski",2,"Lilly Wachowski,Lana Wachowski","Channing Tatum,Mila Kunis,Eddie Redmayne",2015,0,"Action,Adventure,Sci-Fi",16,4,5.3,186166,40.0,127,"United States,Australia","Warner Bros.,Village Roadshow Pictures,Dune Entertainment",https://www.imdb.com/title/tt1617661/
Tomorrowland,Imagine a place where nothing is impossible.,1,Brad Bird,3,"Damon Lindelof(screenplay by),Brad Bird(screenplay by),Jeff Jensen(story by)","George Clooney,Britt Robertson,Hugh Laurie",2015,0,"Action,Adventure,Family,Fantasy,Mystery,Sci-Fi",19,2,6.4,179427,60.0,130,"United States,Spain,France,Canada,United Kingdom","Walt Disney Pictures,A113,Babieka",https://www.imdb.com/title/tt1964418/
The Danish Girl,Find the courage to be yourself.,1,Tom Hooper,2,"Lucinda Coxon(screenplay),David Ebershoff(book)","Eddie Redmayne,Alicia Vikander,Amber Heard",2015,1,"Biography,Drama,Romance",79,31,7.1,178326,66.0,119,"United Kingdom,United States,Germany,Denmark,Belgium,Japan","Working Title Films,Pretty Pictures,ReVision Pictures",https://www.imdb.com/title/tt0810819/
Black Mass,Based on the true story of one of the most notorious gangsters in U.S. history,1,Scott Cooper,3,"Mark Mallouk(screenplay),Jez Butterworth(screenplay),Dick Lehr(based on the book by)","Johnny Depp,Benedict Cumberbatch,Dakota Johnson",2015,0,"Biography,Crime,Drama",24,6,6.9,176092,68.0,123,"United States,United Kingdom","Cross Creek Pictures,RatPac-Dune Entertainment,Grisbi Productions, Le",https://www.imdb.com/title/tt1355683/
Cinderella,Midnight is just the beginning.,1,Kenneth Branagh,2,"Chris Weitz(screenplay by),Charles Perrault(story)","Lily James,Cate Blanchett,Richard Madden",2015,0,"Adventure,Drama,Family,Fantasy,Romance",37,8,6.9,172239,67.0,105,"United States,United Kingdom","Allison Shearmur Productions,Beagle Pug Films,Genre Films",https://www.imdb.com/title/tt1661199/
Legend,"Love, fight, live, rule like a legend.",1,Brian Helgeland,2,"Brian Helgeland,John Pearson(book ""The Profession of Violence"")","Tom Hardy,Emily Browning,Taron Egerton",2015,0,"Biography,Crime,Drama,Thriller",12,6,6.9,172080,55.0,132,"United Kingdom,France,United States","Cross Creek Pictures,Working Title Films,Anton",https://www.imdb.com/title/tt3569230/
The Age of Adaline,The world has changed in the last century. Adaline has not.,1,Lee Toland Krieger,2,"J. Mills Goodloe(screenplay by),Salvador Paskowitz(screenplay by)","Blake Lively,Michiel Huisman,Harrison Ford",2015,0,"Drama,Fantasy,Romance",10,1,7.2,168466,51.0,112,"United States,Canada","Lakeshore Entertainment,Lionsgate,Sidney Kimmel Entertainment",https://www.imdb.com/title/tt1655441/
Steve Jobs,Can a great man be a good man?,1,Danny Boyle,2,"Aaron Sorkin(screenplay),Walter Isaacson(book ""Steve Jobs"")","Michael Fassbender,Kate Winslet,Seth Rogen",2015,0,"Biography,Drama",114,28,7.2,165337,82.0,122,"United Kingdom,United States","Universal Pictures,Legendary Entertainment,Scott Rudin Productions",https://www.imdb.com/title/tt2080374/
Fantastic Four,Change is coming.,2,"Josh Trank,Stephen E. Rivkin(uncredited)",3,"Jeremy Slater(screenplay),Simon Kinberg(screenplay),Josh Trank(screenplay)","Miles Teller,Kate Mara,Michael B. Jordan",2015,0,"Action,Adventure,Sci-Fi",5,8,4.2,161478,27.0,100,"United States,Germany,United Kingdom","Twentieth Century Fox,Constantin Film,Marvel Entertainment",https://www.imdb.com/title/tt1502712/
Pitch Perfect 2,"We're Back, Pitches",1,Elizabeth Banks,2,"Kay Cannon,Mickey Rapkin(based on the book by)","Anna Kendrick,Rebel Wilson,Hailee Steinfeld",2015,0,"Comedy,Music",17,9,6.4,152077,63.0,115,United States,"Brownstone Productions (II),Gold Circle Films,Universal Pictures",https://www.imdb.com/title/tt2848292/
The Gift,Not Every Gift Is Welcome.,1,Joel Edgerton,1,Joel Edgerton,"Jason Bateman,Rebecca Hall,Joel Edgerton",2015,0,"Drama,Mystery,Thriller",12,2,7.0,150343,77.0,108,"United States,Australia,China","Blumhouse Productions,Ahimsa Films,Blue-Tongue Films",https://www.imdb.com/title/tt4178092/
Crimson Peak,Beware,1,Guillermo del Toro,2,"Guillermo del Toro,Matthew Robbins","Mia Wasikowska,Jessica Chastain,Tom Hiddleston",2015,0,"Drama,Horror,Mystery,Romance,Thriller",42,6,6.5,142731,66.0,119,"United States,Mexico","Double Dare You (DDY),Legendary Entertainment",https://www.imdb.com/title/tt2554274/
Pixels,It's time to save the World,1,Chris Columbus,3,"Tim Herlihy(screenplay),Timothy Dowling(screenplay),Patrick Jean(short film)","Adam Sandler,Kevin James,Michelle Monaghan",2015,0,"Action,Comedy,Fantasy,Sci-Fi",9,5,5.5,139736,27.0,105,"United States,China,Canada","Columbia Pictures,LStar Capital,China Film Group Corporation (CFGC)",https://www.imdb.com/title/tt2120120/
Brooklyn,"Two countries, two loves, one heart.",1,John Crowley,2,"Nick Hornby,Colm Tóibín(novel)","Saoirse Ronan,Emory Cohen,Domhnall Gleeson",2015,0,"Drama,Romance",161,38,7.5,138662,88.0,117,"United Kingdom,Canada,Ireland","Wildgaze Films,BBC Films,Parallel Film Productions",https://www.imdb.com/title/tt2381111/
Trainwreck,All aboard,1,Judd Apatow,1,Amy Schumer,"Amy Schumer,Bill Hader,Brie Larson",2015,0,"Comedy,Drama,Romance",27,5,6.2,135029,75.0,125,United States,"Universal Pictures,Apatow Productions,Dentsu",https://www.imdb.com/title/tt3152624/
Joy,In America the ordinary needs the extraordinary every single day.,1,David O. Russell,2,"David O. Russell(screenplay),Annie Mumolo(story)","Jennifer Lawrence,Robert De Niro,Bradley Cooper",2015,0,"Biography,Drama",23,8,6.6,134279,56.0,124,United States,"Fox 2000 Pictures,Annapurna Pictures,Davis Entertainment",https://www.imdb.com/title/tt2446980/
In the Heart of the Sea,Based on the incredible true story that inspired Moby-Dick,1,Ron Howard,3,"Charles Leavitt(screenplay),Rick Jaffa(story),Amanda Silver(story)","Chris Hemsworth,Cillian Murphy,Brendan Gleeson",2015,0,"Action,Adventure,Biography,Drama,History",5,1,6.9,133601,47.0,122,"United States,Australia,Spain","Warner Bros.,Village Roadshow Pictures,RatPac-Dune Entertainment",https://www.imdb.com/title/tt1390411/
Get Hard,An education in incarceration,1,Etan Cohen,3,"Jay Martel(screenplay),Ian Roberts(screenplay),Etan Cohen(screenplay)","Will Ferrell,Kevin Hart,Alison Brie",2015,0,"Comedy,Crime",2,0,6.0,131963,34.0,100,United States,"Gary Sanchez Productions,Warner Bros.",https://www.imdb.com/title/tt2561572/
Me and Earl and the Dying Girl,A little friendship never killed anyone.,1,Alfonso Gomez-Rejon,1,Jesse Andrews(screenplay by),"Thomas Mann,RJ Cyler,Olivia Cooke",2015,0,"Comedy,Drama",30,18,7.7,128927,74.0,105,United States,"Fox Searchlight Pictures,Indian Paintbrush,Rhode Island Ave. Productions",https://www.imdb.com/title/tt2582496/
The Walk,Every dream begins with a single step,1,Robert Zemeckis,3,"Robert Zemeckis(screenplay),Christopher Browne(screenplay),Philippe Petit(book ""To Reach the Clouds"")","Joseph Gordon-Levitt,Charlotte Le Bon,Guillaume Baillargeon",2015,0,"Action,Adventure,Biography,Drama",17,3,7.3,126223,70.0,123,United States,"Sony Pictures Entertainment (SPE),TriStar Productions,ImageMovers",https://www.imdb.com/title/tt3488710/
The Visit,No one loves you like your grandparents,1,M. Night Shyamalan,1,M. Night Shyamalan,"Olivia DeJonge,Ed Oxenbould,Deanna Dunagan",2015,0,"Horror,Mystery,Thriller",14,1,6.3,125788,55.0,94,United States,"Blinding Edge Pictures,Blumhouse Productions,Neighborhood Film Co.",https://www.imdb.com/title/tt3567288/
Carol,Some people change your life forever,1,Todd Haynes,2,"Phyllis Nagy(screenplay by),Patricia Highsmith(based on the novel ""The Price of Salt"" by)","Cate Blanchett,Rooney Mara,Sarah Paulson",2015,0,"Drama,Romance",254,77,7.3,125074,94.0,118,"United Kingdom,United States,Australia","The Weinstein Company,Film4,Number 9 Films",https://www.imdb.com/title/tt2402927/
Hotel Transylvania 2,Drac's pack is back,1,Genndy Tartakovsky,3,"Robert Smigel,Adam Sandler,Todd Durham(based on characters created by)","Adam Sandler(voice),Andy Samberg(voice),Selena Gomez(voice)",2015,0,"Animation,Adventure,Comedy,Family,Fantasy,Horror",9,2,6.7,120969,44.0,89,United States,"Columbia Pictures,LStar Capital,Sony Pictures Animation",https://www.imdb.com/title/tt2510894/
Green Room,Now. Whatever you saw or did. Is no longer my concern. But let's be clear. It won't end well.,1,Jeremy Saulnier,1,Jeremy Saulnier,"Anton Yelchin,Imogen Poots,Alia Shawkat",2015,0,"Horror,Music,Thriller",25,8,7.0,117299,79.0,95,United States,"Broad Green Pictures,Film Science",https://www.imdb.com/title/tt4062536/
Daddy's Home,Dad vs step-dad,1,Sean Anders,3,"Brian Burns(screenplay),Sean Anders(screenplay),John Morris(screenplay)","Will Ferrell,Mark Wahlberg,Linda Cardellini",2015,0,"Comedy,Family",4,1,6.2,116752,42.0,96,United States,"Paramount Pictures,Red Granite Pictures,Gary Sanchez Productions",https://www.imdb.com/title/tt1528854/
Burnt,Never underestimate a man with nothing to lose.,1,John Wells,2,"Steven Knight(screenplay),Michael Kalesniko(story)","Bradley Cooper,Sienna Miller,Daniel Brühl",2015,0,"Comedy,Drama",1,6,6.6,113542,42.0,101,"United States,United Kingdom","3 Arts Entertainment,Double Feature Films,PeaPie Films",https://www.imdb.com/title/tt2503944/
Bãhubali: The Beginning,India's Biggest Motion Picture,1,S.S. Rajamouli,3,"Vijayendra Prasad(story by),S.S. Rajamouli(screenplay by),C.H. Vijay Kumar(telugu dialogue)","Prabhas,Rana Daggubati,Ramya Krishnan",2015,0,"Action,Drama",16,38,8.0,111552,,159,India,Arka Mediaworks,https://www.imdb.com/title/tt2631186/
The Good Dinosaur,Tiny but tough,1,Peter Sohn,3,"Bob Peterson(original concept & development by),Peter Sohn(story by),Erik Benson(story by)","Jeffrey Wright(voice),Frances McDormand(voice),Maleah Nipay-Padilla(voice)",2015,0,"Animation,Adventure,Comedy,Drama,Family",41,9,6.7,110775,66.0,93,United States,"Pixar Animation Studios,Walt Disney Pictures",https://www.imdb.com/title/tt1979388/
Vacation,What could go wrong?,2,"John Francis Daley,Jonathan Goldstein",3,"Jonathan Goldstein,John Francis Daley,John Hughes(characters)","Ed Helms,Christina Applegate,Skyler Gisondo",2015,0,"Adventure,Comedy",3,1,6.1,108044,34.0,99,United States,"BenderSpink,David Dobkin Productions,New Line Cinema",https://www.imdb.com/title/tt1524930/
Run All Night,,1,Jaume Collet-Serra,1,Brad Ingelsby,"Liam Neeson,Ed Harris,Joel Kinnaman",2015,0,"Action,Crime,Thriller",0,0,6.6,107448,59.0,114,United States,"Warner Bros.,RatPac-Dune Entertainment,Vertigo Entertainment",https://www.imdb.com/title/tt2199571/
The Invitation,There is nothing to be afraid of,1,Karyn Kusama,2,"Phil Hay,Matt Manfredi","Logan Marshall-Green,Emayatzy Corinealdi,Michiel Huisman",2015,0,"Drama,Mystery,Thriller",15,4,6.6,103873,74.0,100,United States,"Gamechanger Films,Lege Artis,The Invitation",https://www.imdb.com/title/tt2400463/
The Last Witch Hunter,Live forever. Hunt forever.,1,Breck Eisner,3,"Cory Goodman,Matt Sazama,Burk Sharpless","Vin Diesel,Rose Leslie,Elijah Wood",2015,0,"Action,Adventure,Fantasy",1,0,6.0,101732,34.0,106,"United States,China,Canada","Summit Entertainment,TIK Films,Mark Canton Productions",https://www.imdb.com/title/tt1618442/
Insidious: Chapter 3,This is how you die,1,Leigh Whannell,1,Leigh Whannell(characters),"Dermot Mulroney,Stefanie Scott,Angus Sampson",2015,0,"Horror,Mystery,Thriller",10,3,6.1,101450,52.0,97,"Canada,United Kingdom,United States","Gramercy Pictures (I),Stage 6 Films,Entertainment One",https://www.imdb.com/title/tt3195644/
Paper Towns,Get Lost. Get Found.,1,Jake Schreier,3,"Scott Neustadter(screenplay by),Michael H. Weber(screenplay by),John Green(based on the book by)","Nat Wolff,Cara Delevingne,Austin Abrams",2015,0,"Adventure,Comedy,Drama,Mystery,Romance",3,4,6.2,100772,56.0,109,United States,"Fox 2000 Pictures,Temple Hill Entertainment",https://www.imdb.com/title/tt3622592/
Home,Worlds Collide,1,Tim Johnson,3,"Tom J. Astle(screenplay by),Matt Ember(screenplay by),Adam Rex(book ""The True Meaning of Smekday"")","Jim Parsons(voice),Rihanna(voice),Steve Martin(voice)",2015,0,"Animation,Adventure,Comedy,Family,Fantasy,Sci-Fi",9,3,6.6,99313,55.0,94,United States,DreamWorks Animation,https://www.imdb.com/title/tt2224026/
Self/Less,,1,Tarsem Singh,2,"Àlex Pastor,David Pastor","Ryan Reynolds,Natalie Martinez,Matthew Goode",2015,0,"Action,Mystery,Sci-Fi,Thriller",0,0,6.5,97145,34.0,117,United States,"Focus Features,Endgame Entertainment,FilmNation Entertainment",https://www.imdb.com/title/tt2140379/
Demolition,LIFE: Some Disassembly Required.,1,Jean-Marc Vallée,1,Bryan Sipe,"Jake Gyllenhaal,Naomi Watts,Chris Cooper",2015,0,"Comedy,Drama",2,1,7.0,96684,49.0,101,United States,"Black Label Media,Mr. Mudd,Right of Way Films",https://www.imdb.com/title/tt1172049/
Bone Tomahawk,John Brooder: An armed gentleman,1,S. Craig Zahler,1,S. Craig Zahler,"Kurt Russell,Patrick Wilson,Matthew Fox",2015,0,"Drama,Horror,Western",20,9,7.1,96191,72.0,132,"United States,United Kingdom","Caliber Media Company,Platinum Platypus,Realmbuilders Productions",https://www.imdb.com/title/tt2494362/
Hardcore Henry,First they made him dangerous. Then they made him mad.,1,Ilya Naishuller,2,"Ilya Naishuller,Will Stewart(additional writing by)","Sharlto Copley,Tim Roth,Haley Bennett",2015,0,"Action,Adventure,Sci-Fi,Thriller",1,1,6.7,92813,51.0,96,"Russia,United States,China","Bazelevs Production,Versus Pictures,Huayi Brothers Media",https://www.imdb.com/title/tt3072482/
Concussion,Even Legends Need a Hero,1,Peter Landesman,2,"Peter Landesman,Jeanne Marie Laskas(based on the GQ article ""Game Brain"" by)","Will Smith,Alec Baldwin,Albert Brooks",2015,0,"Biography,Drama,Sport",16,4,7.2,92340,55.0,123,"United Kingdom,Australia,United States","LStar Capital,Scott Free Productions,The Cantillon Company",https://www.imdb.com/title/tt3322364/
The Duff,"You either know one, you have one, or you are one",1,Ari Sandel,2,"Josh A. Cagan(screenplay),Kody Keplinger(novel)","Mae Whitman,Bella Thorne,Robbie Amell",2015,0,"Comedy,Romance",8,1,6.5,91299,56.0,101,United States,"CBS Films,Vast Entertainment,Wonderland Sound and Vision",https://www.imdb.com/title/tt1666801/
Knock Knock,,1,Eli Roth,3,"Eli Roth(screenplay),Nicolás López(screenplay),Guillermo Amoedo(screenplay)","Keanu Reeves,Lorenza Izzo,Ana de Armas",2015,0,"Drama,Thriller",0,0,4.9,91057,53.0,99,"Chile,Israel,United States","Black Bear Pictures,Camp Grey,Dragonfly Entertainment",https://www.imdb.com/title/tt3605418/
Eddie the Eagle,"The hysterical true life story of Britain's most famous ski jumper Eddie ""The Eagle"" Edwards and his journey to Olympic fame.",1,Dexter Fletcher,2,"Simon Kelton(story),Sean Macaulay(screenplay)","Taron Egerton,Hugh Jackman,Tom Costello",2015,0,"Biography,Comedy,Drama,Family,History,Sport",9,2,7.4,90960,54.0,106,"United Kingdom,Germany,United States","Hurwitz Creative,Lionsgate,Marv Films",https://www.imdb.com/title/tt1083452/
American Ultra,,1,Nima Nourizadeh,1,Max Landis,"Jesse Eisenberg,Kristen Stewart,Connie Britton",2015,0,"Action,Comedy",0,0,6.1,89768,50.0,96,"United States,Switzerland","PalmStar Media,FilmNation Entertainment,Likely Story",https://www.imdb.com/title/tt3316948/
Hitman: Agent 47,Your number is up,1,Aleksander Bach,3,"Skip Woods(screenplay),Michael Finch(screenplay),Morten Iversen(video game)","Rupert Friend,Hannah Ware,Zachary Quinto",2015,0,"Action,Crime,Thriller",2,0,5.7,89354,28.0,96,"United States,United Kingdom,Germany,Canada","Twentieth Century Fox,Daybreak Productions,Prime Universe Productions",https://www.imdb.com/title/tt2679042/
Goosebumps,The stories are alive,1,Rob Letterman,3,"Darren Lemke(screenplay by),Scott Alexander(story by),Larry Karaszewski(story by)","Jack Black,Dylan Minnette,Odeya Rush",2015,0,"Adventure,Comedy,Family,Fantasy,Horror",4,0,6.3,86527,60.0,103,"United States,Australia","Sony Pictures Animation,LStar Capital,Village Roadshow Pictures",https://www.imdb.com/title/tt1051904/
Eye in the Sky,The commander is in England. The drone pilot is in America. The terrorist is in Kenya. And the authority to strike is up in the air.,1,Gavin Hood,1,Guy Hibbert,"Helen Mirren,Aaron Paul,Alan Rickman",2015,0,"Action,Drama,Thriller,War",10,3,7.3,84239,73.0,102,"United Kingdom,Canada","Raindog Films,Entertainment One,EITS",https://www.imdb.com/title/tt2057392/
No Escape,A nation in revolt. Innocent civilians caught in the middle. How far would you go to survive?,1,John Erick Dowdle,2,"John Erick Dowdle,Drew Dowdle","Lake Bell,Pierce Brosnan,Owen Wilson",2015,0,"Action,Thriller",1,2,6.8,84106,38.0,103,United States,"Bold Films,Brothers Dowdle Productions",https://www.imdb.com/title/tt1781922/
Dope,It's hard out here for a geek.,1,Rick Famuyiwa,1,Rick Famuyiwa,"Shameik Moore,Tony Revolori,Kiersey Clemons",2015,0,"Adventure,Comedy,Crime,Drama",25,5,7.2,83669,72.0,103,United States,"i am OTHER,Revolt Films,Significant Productions",https://www.imdb.com/title/tt3850214/
Bajrangi Bhaijaan,,1,Kabir Khan,3,"Vijayendra Prasad(story),Kabir Khan(screenplay),Parveez Sheikh(screenplay)","Salman Khan,Harshaali Malhotra,Nawazuddin Siddiqui",2015,0,"Action,Adventure,Comedy,Drama",22,31,8.0,83347,,163,India,"Eros Worldwide,Eruk Films,Kabir Khan Films",https://www.imdb.com/title/tt3863552/
The Longest Ride,,1,George Tillman Jr.,2,"Nicholas Sparks(novella),Craig Bolotin(screenplay)","Scott Eastwood,Britt Robertson,Alan Alda",2015,0,"Drama,Romance,Western",5,1,7.1,80955,33.0,123,United States,"Fox 2000 Pictures,Taurus Studios,Temple Hill Entertainment",https://www.imdb.com/title/tt2726560/
Trumbo,Are you now or have you ever been...,1,Jay Roach,2,"John McNamara,Bruce Cook(book ""Dalton Trumbo"")","Bryan Cranston,Diane Lane,Helen Mirren",2015,0,"Biography,Crime,Drama",45,8,7.5,80210,60.0,124,United States,"Bleecker Street Films,ShivHans Pictures,Groundswell Productions",https://www.imdb.com/title/tt3203606/
Beasts of No Nation,Child. Captive. Killer.,1,Cary Joji Fukunaga,2,"Cary Joji Fukunaga(written for the screen by),Uzodinma Iweala(based on the novel by)","Abraham Attah,Emmanuel Affadzi,Ricky Adelayitor",2015,0,"Drama,War",57,31,7.7,79273,79.0,137,United States,"Red Crown Productions,The Princess Grace Foundation,Participant",https://www.imdb.com/title/tt1365050/
Project Almanac,,1,Dean Israelite,2,"Jason Pagan,Andrew Deutschman","Amy Landecker,Sofia Black-D'Elia,Virginia Gardner",2015,0,"Drama,Mystery,Sci-Fi,Thriller",0,0,6.4,79170,47.0,106,United States,"Insurge Pictures,Platinum Dunes,MTV Films",https://www.imdb.com/title/tt2436386/
Entourage,,1,Doug Ellin,2,"Doug Ellin(screenplay),Rob Weiss(story)","Adrian Grenier,Kevin Connolly,Jerry Ferrara",2015,0,"Comedy,Drama",0,0,6.6,79089,38.0,104,United States,"Warner Bros.,Home Box Office (HBO),RatPac Entertainment",https://www.imdb.com/title/tt1674771/
Drishyam,Visuals Can Be Deceptive,1,Nishikant Kamat,2,"Jeethu Joseph(original story),Upendra Sidhaye(adapted by)","Ajay Devgn,Shriya Saran,Tabu",2015,0,"Crime,Drama,Mystery,Thriller",4,1,8.2,78429,,163,India,"Panorama Studios,Rajkumar Theaters Private Limited,Viacom18 Motion Pictures",https://www.imdb.com/title/tt4430212/
Youth,,1,Paolo Sorrentino,1,Paolo Sorrentino,"Michael Caine,Harvey Keitel,Rachel Weisz",2015,0,"Comedy,Drama,Music,Romance",58,24,7.3,76592,64.0,124,"Italy,France,United Kingdom,Switzerland","Indigo Film,Barbary Films,Pathé",https://www.imdb.com/title/tt3312830/
The Wedding Ringer,"Doug needs a best man, in the worst way. Jimmy is the best friend money can buy. But sometimes when you buy a friend, there's a price to be paid...",1,Jeremy Garelick,2,"Jeremy Garelick,Jay Lavender","Kevin Hart,Josh Gad,Kaley Cuoco",2015,0,Comedy,4,2,6.6,74495,35.0,101,United States,"LStar Capital,Miramax,Screen Gems",https://www.imdb.com/title/tt0884732/
The Night Before,Three wise men. One wild Christmas.,1,Jonathan Levine,3,"Jonathan Levine(screenplay),Kyle Hunter(screenplay),Ariel Shaffir(screenplay)","Joseph Gordon-Levitt,Seth Rogen,Jillian Bell",2015,0,"Comedy,Fantasy",2,0,6.4,73243,58.0,101,United States,"Columbia Pictures,Good Universe,LStar Capital",https://www.imdb.com/title/tt3530002/
Krampus,You don't want to be on his list.,1,Michael Dougherty,3,"Todd Casey,Michael Dougherty,Zach Shields","Adam Scott,Toni Collette,David Koechner",2015,0,"Comedy,Drama,Fantasy,Horror",14,4,6.2,71465,49.0,98,United States,"Legendary Entertainment,Universal Pictures,Syon Media",https://www.imdb.com/title/tt3850590/
Mortdecai,Sophistication has a name,1,David Koepp,2,"Eric Aronson(screenplay),Kyril Bonfiglioli(novel ""Don't Point That Thing at Me"")","Johnny Depp,Gwyneth Paltrow,Ewan McGregor",2015,0,"Action,Adventure,Comedy,Crime,Mystery",9,1,5.5,71093,27.0,107,"United States,United Kingdom","MWM Studios,Infinitum Nihil,Mad Chance",https://www.imdb.com/title/tt3045616/
Anomalisa,Welcome to the Kaufman surreal-neorealism tale in a dull world of sameness.,2,"Duke Johnson,Charlie Kaufman",1,Charlie Kaufman,"David Thewlis(voice),Jennifer Jason Leigh(voice),Tom Noonan(voice)",2015,0,"Animation,Comedy,Drama,Romance",79,25,7.3,70507,88.0,90,"United Kingdom,United States","Paramount Animation,HanWay Films,Harmonius Claptrap",https://www.imdb.com/title/tt2401878/
Child 44,How do you find a killer who doesn't exist?,1,Daniel Espinosa,3,"Richard Price(screenplay),Tom Rob Smith(novel),Johan Melin(uncredited)","Tom Hardy,Gary Oldman,Noomi Rapace",2015,0,"Crime,Drama,History,Mystery,Thriller",2,0,6.5,69801,41.0,137,"Czech Republic,United Kingdom,United States,Russia","Summit Entertainment,Worldview Entertainment,Scott Free Productions",https://www.imdb.com/title/tt1014763/
True Story,Some stories are beyond belief,1,Rupert Goold,3,"Rupert Goold(screenplay by),David Kajganich(screenplay by),Michael Finkel(based on the book by)","James Franco,Jonah Hill,Felicity Jones",2015,0,"Biography,Crime,Drama,History,Mystery",4,0,6.3,67351,50.0,99,United States,"New Regency Productions,New Regency Productions,Plan B Entertainment",https://www.imdb.com/title/tt2273657/
